count,mean,ci_lower,ci_upper,ci_width,year,half_year
455755,0.0504848308213688,0.0494943910038879,0.0514940167335115,0.0019996257296236,2022,H2
703501,0.1697316279322043,0.1678223756530268,0.1716581205734603,0.0038357449204334,2025,H1
552383,0.1514193597354458,0.1498606149080151,0.1529913998395816,0.0031307849315665,2024,H2
472752,0.0839964271117944,0.0827145988157223,0.0852962727493868,0.0025816739336645,2023,H2
523984,0.0561222356781701,0.055126183272425,0.0571351970772125,0.0020090138047875,2023,H1
595075,0.0474538304848351,0.0466125898015495,0.0483094841507181,0.0016968943491685,2021,H2
669287,0.1179253782119309,0.1166527684993332,0.1192099977121159,0.0025572292127826,2024,H1
519454,0.049993889284955,0.0490714242320167,0.0509327664233726,0.0018613421913559,2022,H1
742647,0.0468124534366756,0.0460615797791322,0.0475749570203897,0.0015133772412575,2021,H1
